active,vendor,app name,pattern,source,package filename,built in-house,recipe created,build tested,committed,notes
yes,MoonlightGameStreaming,Moonlight,2b,"GitHub release DMG",Acme_Moonlight.pkg,no,yes,yes,yes,"Canonical drag-to-Applications DMG."
yes,RaspberryPi,Raspberry-Pi-Imager,2b,"GitHub release DMG",Acme_Raspberry-Pi-Imager.pkg,no,yes,yes,yes,"Version from the release tag (bundle version has a leading v)."
yes,Alienator88,Pearcleaner,2b,"GitHub release DMG",Acme_Pearcleaner.pkg,no,yes,yes,yes,"Project paused at 5.4.3; stable test target."
yes,Biolab,Orange-Data-Mining,3c,"Scraped download page",Acme_Orange-Data-Mining.pkg,no,yes,yes,yes,"Versioned DMG link found with URLTextSearcher."
yes,Corkscrews,Fruit-Screensaver,2b,"GitHub release tar.gz",Acme_Fruit-Screensaver.pkg,no,yes,yes,yes,"Ad-hoc signed. Installs the screensaver only."
yes,Corkscrews,Fruit-Screensaver-Default,6b,"Org-authored payload + scripts",Acme_Fruit-Screensaver-Default.pkg,yes,yes,yes,yes,"Config slice: install after Acme_Fruit-Screensaver.pkg."
yes,AcmeFruitCo,Fruta-Starter-Kit,2d,"GitHub source ZIP + scripts",Acme_Fruta-Starter-Kit.pkg,yes,yes,yes,yes,"New-hire developer starter kit; tarball on every Desktop."
,Mozilla,Firefox,3b,"Stable redirect URL (DMG)",Acme_Firefox.pkg,no,,,,"Not yet drafted."
,Google,Google-Chrome,3b,"Stable redirect URL (DMG)",Acme_Google-Chrome.pkg,no,,,,"Not yet drafted."
,Microsoft,Microsoft-Word,5,"Stable fwlink URL (vendor pkg)",Microsoft-Word.pkg,no,,,,"Use the template example."
,HP,HP-Printer-Drivers,4b,"Vendor drop (distribution pkg)",HP-Printer-Drivers.pkg,no,,,,"Download link is hard to find; staged by hand."
yes,OrchardLabs,Orchard-Analytics,4c,"Vendor drop (DMG, app only)",Acme_Orchard-Analytics.pkg,no,yes,,yes,"Fictional vendor. License is a separate slice."
yes,OrchardLabs,Orchard-Analytics-License,6c,"Vendor drop (license file from IT)",Acme_Orchard-Analytics-License.pkg,yes,yes,,yes,"Slice: install after Acme_Orchard-Analytics.pkg."
yes,AcmeFruitCo,AcmeSupport,6b,"Rebuilt (payload + scripts)",Acme_AcmeSupport.pkg,yes,yes,,yes,"Fictional in-house helper app + LaunchAgent."
,AcmeFruitCo,Acme-Wallpaper,6c,"Rebuilt (single file)",Acme_Acme-Wallpaper.pkg,yes,,,,"Fictional; one config file with a fixed mode."
,AcmeFruitCo,Acme-UninstallAgent,6d,"Rebuilt (payloadless)",Acme_Acme-UninstallAgent.pkg,yes,,,,"Fictional; script-only package."
,PomeloSoftware,Pomelo-Studio,7,"Faux vendor DMG",Acme_Pomelo-Studio.pkg,no,,,,"Fictional licensed app wrapped in-house."
yes,MacAdmins,Default-Browser,2a,"GitHub release, signed vendor pkg",Default-Browser-<version>.pkg,no,yes,yes,yes,"Sets the default browser. Tools worth knowing."
yes,MacAdmins,Outset,2a,"GitHub release, signed vendor pkg",Outset-<version>.pkg,no,yes,yes,yes,"Runs scripts at boot/login. Tools worth knowing."
yes,MacAdmins,Nudge,2a,"GitHub release, signed vendor pkg",Nudge-<version>.pkg,no,yes,yes,yes,"macOS update reminders (Essentials). Tools worth knowing."
yes,MacAdmins,IconGrabber,2a,"GitHub release, signed vendor pkg",IconGrabber-<version>.pkg,no,yes,yes,yes,"Extracts app icons. Tools worth knowing."
yes,SwiftDialog,SwiftDialog,2a,"GitHub release, signed vendor pkg",SwiftDialog-<version>.pkg,no,yes,yes,yes,"Dialogs from scripts. Tools worth knowing."
yes,ScriptingOSX,Desktoppr,2a,"GitHub release, signed vendor pkg",Desktoppr-<version>.pkg,no,yes,yes,yes,"Sets the desktop picture. Tools worth knowing."
yes,KCrawford,Dockutil,2a,"GitHub release, signed vendor pkg",Dockutil-<version>.pkg,no,yes,yes,yes,"Edits the Dock. Tools worth knowing."
